qin_monthly_mean_m3s,qin_monthly_max_m3s,qin_daily_mean_m3s,qin_daily_max_m3s
651.830520654764,1758.096195433461,652.0327884075311,9560.374122957324
