rmse_m,nse,bias_mean_m,policy,a,h0,b
1.598559523179828,-6.448888744235656,-0.9022743198973235,agreed_curve_baseline,187.78996268984818,8.730000000000002,1.484624112508287
