Q_knot_1,Q_knot_2,Q_knot_3,Q_knot_4,F_flood,F_power,F_smooth,g_max_level
968.2586170638516,978.289598561495,977.8784315498632,969.4564743952319,0.0008514059243518251,609.6698385583384,0.06984800284698849,-0.29972998364606696
