scenario,max_level_m,mean_level_m,std_level_m,days_above_12_5,days_above_12_8,days_above_13_0,days_above_11_5
Baseline (Agreed Curve),12.048807008100802,10.793047695731888,0.87248107537033,0,0,0,4796
Optimized Rule,13.300270016353933,11.821867316295238,0.42914040142350257,512,389,329,7422
Observed,13.47,11.695322015629209,0.5857500406696887,582,452,383,7364
