scenario,days_above_12_5,days_above_12_8,days_above_13_0,max_level_m,mean_level_m,std_level_m
Baseline (Agreed Curve),0,0,0,12.048807008100802,10.793047695731888,0.87248107537033
Optimized Rule,512,389,329,13.300270016353933,11.821867316295238,0.42914040142350257
Observed,582,452,383,13.47,11.695322015629209,0.5857500406696887
