scenario,mean_outflow_m3s,std_outflow_m3s,coefficient_variation
Baseline (Agreed Curve),1338.76057780164,315.8373619665652,0.2359177340620511
Optimized Rule,974.3847455159466,3.6933326841322702,0.003790425395234008
