scenario,max_level_m,mean_level_m,std_level_m,days_above_12_5,days_above_12_8,days_above_13_0,days_above_11_5,mean_outflow_m3s,std_outflow_m3s,coefficient_variation,cv_outflow,mean_abs_ramp_m3s_day,p95_abs_ramp_m3s_day,power_metric_status,power_flow_col_used
Baseline (Agreed Curve),12.048807008100802,10.793047695731888,0.87248107537033,0,0,0,4796,1338.76057780164,315.8373619665652,0.2359177340620511,0.2359177340620511,2.8255240090034155,7.94298699143792,ok,scenarios[outflow]
Optimized Rule,13.300270016353933,11.821867316295238,0.42914040142350257,512,389,329,7422,974.3847455159466,3.6933326841322702,0.003790425395234008,0.003790425395234008,0.12845863555768325,0.6687320998428277,ok,scenarios[outflow]
Observed,13.47,11.695322015629209,0.5857500406696887,582,452,383,7364,1025.456590896739,322.5046665760377,0.3144986042695523,0.3144986042695523,42.03681179508085,131.20169999999973,ok,scenarios[outflow]
